recipe,diet_type,cuisine_type,total_time_in_minutes,calories,fat,carbs,protein
Chia And Blackberry Pudding,keto,chinese,45.0,437.0,38.0,8.0,8.0
Cinnamon Chiller,keto,caribbean,10.0,145.0,4.0,1.6,0.6
Cheesy Low-Carb Omelet,keto,chinese,10.0,451.0,36.0,3.0,33.0
Angel Eggs,keto,caribbean,30.0,184.0,15.0,1.0,12.0
Roasted Onions And Green Beans,keto,american,25.0,214.0,19.4,3.7,8.3
Denver Omelete,keto,nordic,5.0,605.0,46.0,6.0,39.0
Hungarian Keto Porridge,keto,chinese,20.0,410.0,38.0,10.0,6.0
Scrambled Pesto Eggs,keto,south american,10.0,467.0,41.0,3.0,20.0
Vanilla Hemp Drink,keto,world,10.0,250.0,20.0,10.0,7.0
Pepperoni Omelet,keto,south american,25.0,141.0,11.5,0.6,8.9
The Mocha Shake,keto,mediterranean,10.0,293.0,23.0,19.0,10.0
Early Morning Cheesy Egg Muffin,keto,japanese,30.0,101.0,7.0,3.0,7.0
An Omelet Of Swiss Chard,keto,british,10.0,260.0,21.0,4.0,14.0
Chocolate Fat Bombs,keto,south east asian,15.0,555.0,55.0,11.0,11.0
Coconut And Hazelnut Chilled Glass,keto,south american,10.0,457.0,46.0,12.0,7.0
Delicious Nut Dredged Porridge,keto,mexican,25.0,260.0,22.0,12.0,6.0
Crispy Tofu,keto,british,35.0,282.0,20.0,9.0,12.0
Cottage Cheese Hotcake,keto,mexican,20.0,690.0,48.0,16.0,40.0
Choco Strawberry Keto Shake,keto,french,10.0,470.0,46.0,15.0,4.0
Mushroom Muffin,keto,british,25.0,75.0,5.0,2.0,4.0
Cinnamon And Coconut Porridge,keto,south american,10.0,171.0,16.0,6.0,2.0
Skillet Based Kale And Avocado,keto,british,15.0,461.0,34.0,6.0,18.0
Fat Burner Espresso,keto,japanese,10.0,270.0,16.0,2.0,30.0
Blue Cheese Omelet,keto,eastern europe,25.0,307.0,25.0,2.5,18.0
Hearty Chia Bowls,keto,japanese,10.0,300.0,8.0,5.0,4.0
Classical Eggs And Canadian Bacon,keto,mediterranean,25.0,326.0,5.0,46.0,0.7
Pecan And Goat Cheese,keto,british,20.0,296.0,8.0,0.6,14.0
Broccoli Egg Salad,keto,mexican,4.0,250.0,11.0,5.6,6.0
Creamy Cheese Pancakes,keto,central europe,22.0,82.0,7.3,0.8,3.8
Excellent Zucchini Sage Cakes,keto,mexican,22.0,320.0,13.0,10.0,12.0
Delicious Egg Muffins,keto,british,30.0,292.0,5.0,16.0,3.0
Double Stuffed Cheese Peppers,keto,mexican,35.0,140.0,7.0,8.0,0.9
Creamy Cheese Muffins,keto,central europe,40.0,344.0,33.0,2.8,9.1
Cheese And Bacon Balls,keto,central europe,15.0,206.0,16.0,0.6,13.0
Baked Stuffed Up Avocados,keto,indian,30.0,342.0,30.0,8.0,1.0
Colorful Vegetable Omelet,keto,american,20.0,239.0,6.0,11.0,2.0
Simple Fried Eggs,keto,middle eastern,20.0,179.0,16.0,0.5,8.0
Beef And Egg Early Morning Muffin,keto,mediterranean,25.0,222.0,18.0,1.2,15.2
Spicy Chili Deviled Eggs,keto,eastern europe,60.0,82.0,5.0,0.4,7.0
Classic Egg Porridge,keto,mediterranean,25.0,604.0,45.0,2.0,8.0
Juicy Spanish Omelet,keto,nordic,20.0,160.0,15.0,4.0,7.0
Delicious Breakfast Sausage Casserole,keto,italian,55.0,290.0,25.0,1.0,12.0
Excellent Scrambled Mug Eggs,keto,french,15.0,330.0,30.0,2.0,12.0
Unique Salmon Omelet,keto,italian,20.0,460.0,35.0,2.0,36.0
Fine Spinach And Cheese Eggs,keto,chinese,40.0,200.0,25.0,2.0,16.0
Juicy Scotch Egg,keto,british,40.0,345.0,28.0,2.0,18.0
Toasty Cauliflower And Avocado,keto,world,20.0,126.0,7.0,10.0,10.0
Avocado Egg Crepes,keto,mexican,15.0,371.0,25.0,10.0,27.0
Bacon And Shallots With Spinach,keto,indian,35.0,150.0,13.0,5.0,4.0
The Cheesy Mug,keto,south american,6.0,268.0,16.0,4.0,22.0
Cashew And Almond Butter,keto,chinese,5.0,205.0,19.0,1.0,2.8
Crispy Walnut Crumbles,keto,south american,18.0,80.0,3.0,7.0,7.0
Keto Kohlslaw,keto,mediterranean,10.0,392.0,40.4,7.2,6.2
Stuffed Mushrooms,keto,eastern europe,25.0,124.0,22.4,5.4,1.2
Flax And Almond Crunchies,keto,central europe,75.0,47.0,6.0,1.2,2.0
Juicy Salmon Fat Bombs,keto,caribbean,15.0,145.0,18.0,0.0,8.0
Roasted Herb Crackers,keto,kosher,130.0,34.0,5.0,1.0,1.3
Crunchy Garlic Bread Stick,keto,japanese,30.0,259.0,24.0,5.0,7.0
Magnificent Camembert Mushrooms,keto,eastern europe,18.0,161.0,13.0,3.0,9.0
Golden Eggplant Fries,keto,chinese,25.0,212.0,15.8,12.1,8.6
Cheesy Mozzarella Sticks,keto,japanese,30.0,225.0,19.0,3.0,12.0
Salt And Rosemary Cracker,keto,mediterranean,25.0,66.0,6.0,1.4,3.0
Premium Goat Cheese Salad,keto,chinese,14.0,645.0,53.0,6.0,33.0
Grilled Avocado And Melted Cheese,keto,mexican,9.0,459.0,41.0,15.0,7.0
Mozzarella And Bacon Bites,keto,japanese,15.0,278.0,15.0,3.0,32.0
Brazilian Butter Macadamia,keto,central europe,5.0,225.0,23.0,1.7,2.8
Tasty Roasted Broccoli,keto,american,25.0,62.0,4.0,4.0,4.0
Spicy Pimento Cheese Dip,keto,mediterranean,10.0,259.0,24.0,4.0,16.0
Bacon Smoky Doodles,keto,chinese,30.0,247.0,18.0,2.0,14.0
Tantalizing Butter Beans,keto,eastern europe,17.0,93.0,8.0,4.0,2.0
Walnuts And Asparagus Delight,keto,japanese,10.0,124.0,12.0,2.0,3.0
Spicy Chili Crackers,keto,middle eastern,75.0,49.0,4.1,3.0,1.6
Faux Mac And Cheese,keto,eastern europe,60.0,229.0,14.0,9.0,15.0
Hearty Roasted Cauliflower,keto,american,35.0,129.0,11.0,6.0,7.0
Sausage And Shrimp Skewers,keto,south east asian,30.0,178.0,12.0,3.0,12.0
Fancy Grilled Halloumi Bruschetta,keto,nordic,20.0,134.0,12.4,1.0,7.0
Broccoli And Dill Salad,keto,italian,15.0,406.0,42.0,5.0,5.0
Cheddar Biscuits,keto,world,40.0,355.0,28.0,1.14,21.0
The Faux Cinnamon Rice Pudding,keto,mexican,15.0,255.0,20.0,3.0,6.0
Almond Flour English Cake,keto,british,25.0,161.0,13.0,2.0,7.0
Bacon And Avocado Fat Bombs,keto,indian,60.0,336.0,15.0,2.3,0.5
Green Olives With Deviled Eggs,keto,mexican,10.0,209.0,8.0,0.2,1.4
Spinach And Bacon Salad,keto,eastern europe,15.0,181.0,8.0,0.3,0.2
Cool Bacon And Cheese Rolls,keto,indian,60.0,165.0,12.0,0.8,0.8
Roasted Brussels And Bacon,keto,middle eastern,50.0,130.0,9.0,5.0,7.0
Parmesan Garlic Cauliflower,keto,italian,60.0,180.0,18.0,6.0,7.0
Flaxy Cheese Chips,keto,mediterranean,25.0,130.0,8.0,1.0,5.0
Handy Baked Tortillas,keto,eastern europe,40.0,90.0,6.0,4.0,3.0
Fine Jarlsberg Omelet,keto,mexican,15.0,525.0,37.0,15.0,40.0
Asparagus And Baked Pork,keto,south american,30.0,303.0,7.0,298.0,8.0
Spicy Fired Up Jalapeno Poppers,keto,italian,40.0,550.0,12.0,5.0,5.0
Bacon And Chicken Patties,keto,world,25.0,420.0,22.0,4.0,37.0
Juicy Grilled Ham And Cheese,keto,south east asian,40.0,230.0,21.0,2.0,15.0
Prosciutto Spinach Salad,keto,caribbean,10.0,199.0,18.0,2.0,7.0
Lasagna Spaghetti Squash,keto,french,90.0,420.0,31.0,5.0,25.0
Blue Cheese Chicken Wedges,keto,british,40.0,315.0,22.0,8.0,20.0
Feisty Bacon Snack,keto,world,70.0,388.0,38.0,3.0,29.0
Bacon And Scallops Snack,keto,nordic,16.0,280.0,18.0,3.0,28.0
Perfect Gluten-Free Gratin,keto,middle eastern,35.0,175.0,15.0,3.0,5.0
Cheesed Up Bacon Butternut Squash,keto,asian,40.0,335.0,33.0,12.0,20.0
Hot Buffalo Wings,keto,american,16.0,529.0,4.0,1.0,31.0
A Jar Full Of Pecans,keto,british,130.0,337.0,31.0,16.0,4.0
The Exquisite Spaghetti Squash,keto,british,13.0,52.0,0.0,12.0,1.0
Worthy Bacon-Wrapped Drumsticks,keto,french,490.0,202.0,8.0,3.0,30.0
Coconut Chocolate Cookie,keto,mexican,10.0,40.0,4.0,2.0,1.0
Keto Shortbread,keto,mediterranean,25.0,124.0,12.0,2.0,3.0
1 Minute Keto Muffin,keto,japanese,11.0,102.0,5.0,3.0,7.0
Chilled No-Bake Lemon Cheesecake,keto,japanese,10.0,220.0,17.0,2.0,6.0
Delicious Vegetable Quiche,keto,south american,35.0,395.0,32.0,4.0,21.0
Fancy Rutabaga Cakes,keto,italian,40.0,46.0,3.0,1.0,0.4
Eggplant Fries,keto,french,25.0,212.0,15.0,4.0,7.0
Stuffed Parmesan Cheese Avocado,keto,nordic,25.0,41.0,41.0,7.0,7.0
Orange And Coconut Creamsicles,keto,french,10.0,176.0,20.0,0.5,0.8
Coffee Popsicles,keto,central europe,10.0,105.0,10.0,2.0,2.0
Icy Berry Popsicles,keto,middle eastern,10.0,165.0,17.0,3.0,1.0
Scrambled Pesto Eggs,keto,italian,10.0,467.0,41.0,3.0,20.0
Black Berry Chicken Wings,keto,world,85.0,502.0,39.0,1.8,34.0
Awesome Asian Beef Steak,keto,caribbean,15.0,350.0,23.0,4.0,28.0
Healthy Avocado Beef Patties,keto,asian,25.0,568.0,43.0,9.0,38.0
TheFresh Thai Beef,keto,central europe,20.0,224.0,15.0,3.0,19.0
Beef Zucchini Chips,keto,italian,45.0,222.0,10.0,8.0,21.0
Juicy Ground Beef Casserole,keto,mexican,45.0,554.0,51.0,5.0,45.0
Majestic Beef And Tomato Squash,keto,central europe,70.0,260.0,7.0,4.0,10.0
Tamari Steak Salad,keto,british,25.0,500.0,37.0,4.0,33.0
Ravaging Beef Pot Roast,keto,indian,85.0,700.0,56.0,10.0,70.0
Juicy Glazed Beef Meatloaf,keto,south american,100.0,264.0,14.0,4.0,24.0
Zucchini Beef Saut With Coriander Greens,keto,mexican,20.0,500.0,40.0,5.0,31.0
Pure Broccoli Rib Eye,keto,french,20.0,875.0,75.0,8.0,40.0
Mushroom And Olive Mediterranean Steak,keto,south east asian,24.0,386.0,30.0,11.0,21.0
Satisfying Low-Carb Beef Liver Salad,keto,middle eastern,10.0,300.0,26.0,5.0,10.0
Perfect Aromatic Beef Roast,keto,south american,60.0,646.0,27.0,0.1,96.0
Beef Packed Zucchini Boats,keto,chinese,40.0,280.0,13.0,4.2,30.0
Spicy Chipotle Steak,keto,eastern europe,30.0,470.0,24.0,4.0,50.0
Beef Cheeseburger Wraps,keto,south american,60.0,456.0,21.0,5.0,37.0
Cheddar Jalapeno Meatloaf,keto,asian,50.0,407.0,28.0,2.3,30.0
Perfect Philly Cheesesteak Stuffed Peppers,keto,chinese,30.0,458.0,36.0,8.0,27.0
Grilled Beef Short Loin,keto,mexican,30.0,313.0,11.0,0.1,52.0
Hearty Beef Bourguignon,keto,french,80.0,217.0,4.0,4.0,0.4
Zucchini And Cheddar Beef Mugs,keto,indian,25.0,188.0,9.0,4.0,18.0
Beef Stuffed Peppers,keto,american,60.0,395.0,24.0,0.8,40.0
Fine Filet Mignon In Dijon Sauce,keto,asian,25.0,301.0,2.0,2.0,34.0
Shitake Butter Beef Dish,keto,eastern europe,20.0,307.0,31.0,3.0,33.0
Crazy Beef Meatballs,keto,mexican,30.0,380.0,22.0,1.0,18.0
Delicious Beef Casserole,keto,mediterranean,50.0,275.0,20.0,6.0,20.0
Ground Beef Hamburger Patties,keto,japanese,20.0,488.0,27.0,2.0,56.0
Creative Lamb Chops,keto,central europe,40.0,566.0,40.0,2.0,47.0
Healthy Slow-Cooker Lamb Leg,keto,middle eastern,490.0,400.0,34.0,3.0,26.0
Spicy Paprika Lamb Chops,keto,french,20.0,200.0,5.0,4.0,8.0
Simple Lamb Riblets And Mini Pesto,keto,mediterranean,180.0,200.0,4.0,4.0,7.0
Terrific Jalapeno Bacon Bombs,keto,chinese,25.0,209.0,9.0,15.0,9.0
Elegant Mushroom Pork Chops,keto,middle eastern,50.0,600.0,10.0,8.0,30.0
Lemon And Garlic Pork Platter,keto,nordic,40.0,456.0,25.0,6.0,40.0
The Herbal Buttery Pork Chops,keto,british,30.0,333.0,23.0,1.0,31.0
Italian Pork Chops,keto,american,20.0,210.0,10.0,6.0,19.0
Gentle Cheesy Pork Chops,keto,eastern europe,30.0,350.0,35.0,4.0,31.0
Original Caramelized Pork Chops,keto,mediterranean,35.0,271.0,19.0,4.0,27.0
Simple Pork Stuffed Bell Peppers,keto,mediterranean,36.0,140.0,3.0,3.0,10.0
Parmesan Pork Steak,keto,central europe,25.0,315.0,27.0,1.0,16.0
Serve and enjoy!,keto,nordic,490.0,430.0,23.0,3.0,45.0
Satisfyingly Spicy Pork Chops,keto,mexican,265.0,200.0,8.0,3.0,26.0
Oven Baked Slow Baked Pork Shoulder,keto,asian,630.0,450.0,35.0,1.0,31.0
Onion And Bacon Pork Chops,keto,nordic,55.0,325.0,18.0,6.0,36.0
The Classical Medi Pork,keto,american,40.0,165.0,2.0,2.0,26.0
Hearty Parmesan Baked Chicken,keto,british,25.0,850.0,67.0,2.0,60.0
The Almond Breaded Chicken Goodness,keto,central europe,30.0,325.0,24.0,3.0,16.0
Brown Butter Duck Breas,keto,american,30.0,393.0,33.0,2.0,22.0
Healthy Chicken Cream Salad,keto,nordic,55.0,415.0,24.0,4.0,40.0
Black Berry Chicken Wings,keto,asian,85.0,502.0,39.0,1.8,34.0
Hearty Chicken Keto Nuggets,keto,indian,15.0,165.0,9.0,3.0,25.0
Zucchini Zoodles With Chicken and Basil,keto,french,20.0,540.0,27.0,13.0,59.0
Salsa Chicken,keto,mexican,18.0,359.0,14.0,14.0,43.0
Bacon And Chicken Garlic Wrap,keto,eastern europe,25.0,260.0,19.0,5.0,22.0
Cheesy Grilled Chicken Platter,keto,nordic,15.0,195.0,7.0,3.0,30.0
Chicken Parmesan Fingers,keto,french,45.0,370.0,20.0,6.0,40.0
Clean Parsley And Chicken Breast,keto,caribbean,50.0,150.0,4.0,4.0,25.0
Chipotle Lettuce Chicken,keto,mexican,35.0,332.0,15.0,13.0,34.0
Amazing Buffalo Lettuce Wraps,keto,middle eastern,45.0,106.0,6.0,2.0,5.0
Balsamic Chicken,keto,south east asian,35.0,196.0,7.0,7.0,23.0
Low- Carb Butternut Chicken,keto,nordic,45.0,323.0,19.0,8.0,12.0
The Original Greek Chicken Breast,keto,mexican,35.0,644.0,57.0,2.0,27.0
Chicken Ham And Turnip Pasta,keto,world,20.0,191.0,14.0,10.0,9.0
Turkey Bacon Garlic Knots,keto,indian,25.0,27.0,2.0,0.5,0.5
Chinese Duck Breast,keto,central europe,25.0,271.0,17.0,0.5,1.0
The Perfect Winter Turkey Goulash,keto,japanese,60.0,220.0,8.0,2.0,35.0
Classic Teriyaki Chicken,keto,mediterranean,60.0,150.0,9.0,0.5,17.0
Juicy Italian Chicken Basil Pizza,keto,mediterranean,30.0,316.0,17.0,0.4,5.0
Cocktail-Styled Meatball,keto,south american,35.0,216.0,11.0,4.0,24.0
Zucchini And Duck Meal,keto,kosher,45.0,450.0,23.0,8.0,50.0
Feisty Tikka Chicken And Butter,keto,japanese,25.0,880.0,87.0,13.0,24.0
Creamy Chicken Cajun,keto,asian,25.0,357.0,20.0,2.0,42.0
Crispy Chicken Tenders,keto,asian,30.0,580.0,32.0,4.0,63.0
Easy-Going Chicken Lettuce Wraps,keto,british,10.0,806.0,70.0,4.0,38.0
Beautiful Tarragon Chicken Roast,keto,american,55.0,461.0,30.0,4.0,38.0
Cauliflower Rice And Chicken Curry,keto,british,25.0,249.0,18.0,6.0,15.0
Juicy Chicken Blanket,keto,chinese,60.0,380.0,29.0,3.0,1.0
The Duck Eye Ribeye,keto,french,30.0,740.0,65.0,1.0,37.0
Everyones Favorite Turkey Avocado Rolls,keto,south east asian,15.0,150.0,9.0,5.0,15.0
Sweet And Savory Grilled Chicken,keto,mexican,25.0,176.0,4.0,2.0,30.0
The Perfect Mediterranean Turkey Cutlets,keto,mediterranean,25.0,283.0,13.0,5.0,34.0
Burnt Fried Chicken,keto,caribbean,30.0,464.0,14.0,3.0,77.0
Crunched Up Chicken Taco Wings,keto,american,25.0,364.0,11.0,1.0,59.0
Spicy And Sour Chicken Breast,keto,asian,20.0,400.0,20.0,2.0,53.0
Spicy Grilled Chicken,keto,caribbean,30.0,615.0,53.0,1.2,32.0
Michigan Turkey Meal,keto,mexican,250.0,500.0,22.0,0.6,73.0
Bacon Wrapped Chicken Breast With Spinach,keto,indian,20.0,626.0,41.0,3.7,61.0
Asparagus And Lemon Salmon Dish,keto,italian,20.0,434.0,26.0,6.0,42.0
Walnut Encrusted Salmon,keto,american,24.0,373.0,43.0,4.0,20.0
Especial Glazed Salmon,keto,mediterranean,55.0,372.0,24.0,3.0,35.0
Lovely Molten Tuna Bites,keto,central europe,20.0,134.0,11.0,2.0,7.0
Hearty Lemon And Butter Cod,keto,mexican,25.0,284.0,18.0,1.0,32.0
A Broccoli And Tilapia Dish To Die For!,keto,american,18.0,362.0,25.0,2.0,29.0
Healthy Tuna Croquettes,keto,nordic,13.0,105.0,5.0,2.0,14.0
Generous Stuffed Salmon Avocado,keto,british,40.0,525.0,48.0,4.0,19.0
Baked Halibut Delight,keto,eastern europe,45.0,429.0,26.0,10.0,36.0
Hungry Tuna Bites,keto,indian,20.0,134.0,11.0,2.0,7.0
Tilapia Broccoli Platter,keto,british,18.0,362.0,25.0,2.0,29.0
Simple Baked Shrimp With Bchamel Sauce,keto,japanese,10.0,150.0,10.0,2.0,14.0
Simple Sauted Garlic And Parsley Scallops,keto,world,30.0,417.0,31.0,5.0,29.0
Mesmerizing Coconut Haddock,keto,french,22.0,299.0,24.0,1.0,20.0
Salmon Platter,keto,american,11.0,464.0,34.0,3.0,34.0
Feisty Bacon Scallops,keto,asian,33.0,550.0,27.0,6.0,66.0
Grilled Lime Shrimp,keto,chinese,30.0,188.0,3.0,1.2,13.0
Mouthwatering Calamari,keto,mexican,18.0,159.0,13.0,12.0,3.0
Salmon And Zesty Cream Sauce,keto,world,10.0,397.0,22.0,4.0,42.0
Crisped Up Coconut Shrimp,keto,nordic,30.0,354.0,24.0,20.0,13.0
Spiced Up Tuna Avocado Balls,keto,french,10.0,256.0,17.0,8.0,15.0
Asian Glazed Salmon and Cauliflower,keto,south east asian,15.0,210.0,13.0,4.0,15.0
Shrimp And Bacon Zoodles,keto,italian,22.0,670.0,51.0,6.0,48.0
Baked Lobster Tails And Garlic Butter,keto,mediterranean,25.0,222.0,14.0,2.0,21.0
Spicy Sea Bass Hazelnuts,keto,caribbean,10.0,467.0,31.0,3.8,
Perfectly Marinated Grilled Salmon,keto,indian,0.0,312.0,2.0,30.0,0.4
Salmon Fat Bombs,keto,asian,10.0,48.0,4.0,,0.5
Baked Cod And Tomato Capers Delight,keto,mexican,35.0,150.0,3.0,0.7,3.0
Perfect Tuna Salad And Pickle Boats,keto,caribbean,10.0,118.0,10.0,1.5,11.0
Tuna And Spinach Salad,keto,south american,10.0,155.0,62.0,1.3,0.7
Grilled Fish Salad Nicoise,keto,british,10.0,194.0,0.9,3.7,0.5
Cumin And Salmon Meal,keto,south american,10.0,300.0,14.0,5.0,20.0
Favorite Lemon Dill Trout,keto,south american,10.0,460.0,22.0,1.0,57.0
Premium Dijon Halibut Steak,keto,mexican,10.0,305.0,16.0,6.0,34.0
Asparagus And Tilapia Dish,keto,chinese,140.0,229.0,10.0,1.0,28.0
Mesmerizing Shrimp Scampi,keto,british,170.0,293.0,24.0,4.0,16.0
The All Time Favorite Tomato And Basil Soup,keto,central europe,25.0,239.0,22.0,7.0,3.0
Healthy Lamb Stew,keto,central europe,190.0,700.0,43.0,10.0,67.0
Hearty Chicken Liver Stew,keto,world,10.0,146.0,9.0,2.0,15.0
Tender Slow Cooked Ham Stew,keto,south american,250.0,320.0,20.0,6.0,23.0
Loving Cauliflower Soup,keto,asian,20.0,143.0,16.0,6.0,3.4
Pork Sausage And Pepper Stew,keto,south american,55.0,525.0,4.0,2.0,27.0
Simple Garlic And Lemon Soup,keto,asian,10.0,100.0,7.0,6.0,3.0
Cheese Dredged Shrimp Soup,keto,south american,40.0,451.0,33.0,3.0,29.0
Elegant Pumpkin Chili Dish,keto,caribbean,25.0,312.0,16.0,14.0,27.0
Clean Chicken And Mushroom Stew,keto,italian,45.0,247.0,12.0,10.0,23.0
Hearty Keto Chicken And Egg Soup,keto,south american,15.0,280.0,25.0,3.0,14.0
Ingenious Eggplant Soup,keto,eastern europe,35.0,99.0,7.0,7.0,3.4
Amazing Roasted Carrot Soup,keto,italian,60.0,222.0,18.0,7.0,5.0
The Brusselss Fever,keto,mexican,30.0,200.0,11.0,6.0,11.0
Curious Roasted Garlic Soup,keto,japanese,70.0,142.0,8.0,3.4,4.0
Beef And Onion Stew,keto,american,130.0,136.0,3.0,0.9,24.0
Healthy Cucumber Soup,keto,eastern europe,14.0,371.0,36.0,8.0,4.0
Dreamy Zucchini Bowl,keto,chinese,30.0,160.0,2.0,4.0,7.0
Wild Mushroom Soup,keto,mediterranean,40.0,281.0,24.0,10.0,7.0
Pumpkin And Coconut Cream Soup,keto,caribbean,60.0,234.0,21.0,10.0,2.3
Fish Packed White Chowder,keto,nordic,10.0,257.0,4.0,12.0,0.4
Awesome Fish Curry,keto,mediterranean,10.0,200.0,10.0,23.0,1.0
Honorable Mahi Mahi Stew,keto,world,10.0,253.0,10.0,2.0,34.0
Hearty Crab Soup,keto,italian,440.0,201.0,11.0,12.0,13.0
Mexican Chicken Soup,keto,nordic,15.0,400.0,23.0,7.0,38.0
Delicious Turkey Stew,keto,japanese,35.0,143.0,6.0,4.0,16.0
"Turkey, Kale And Sausage Delight",keto,french,50.0,175.0,14.0,3.0,9.0
Awesome Egg Drop Soup,keto,american,20.0,118.0,4.0,8.0,14.0
Cheesy Broccoli Soup,keto,american,40.0,112.0,4.0,11.0,9.0
Chicken Liver Stew,keto,kosher,30.0,139.0,9.0,2.0,15.0
Chicken And Mushroom Stew,keto,nordic,40.0,247.0,13.0,10.0,24.0
Garlic Chicken Soup,keto,japanese,10.0,307.0,25.0,2.0,16.0
Spicy Fish Stew,keto,kosher,30.0,270.0,20.0,7.0,35.0
Chilled Minty Avocado Soup,keto,middle eastern,10.0,280.0,26.0,12.0,4.0
Original Guacamole Soup,keto,world,10.0,158.0,14.0,6.0,7.0
Awesome Zucchini Soup,keto,asian,490.0,60.0,1.0,10.0,3.5
Spring Soup With Poached Egg,keto,asian,25.0,150.0,5.0,12.0,16.0
Spanish Soup,keto,mediterranean,15.0,133.0,11.0,9.0,2.0
Butternut Garlic Soup,keto,italian,15.0,184.0,13.0,21.0,3.0
The Heartthrob Lemon Mousse,keto,eastern europe,20.0,395.0,31.0,3.0,5.0
Dreamy Hot Fudge,keto,world,15.0,273.0,24.0,3.0,2.0
Deliciously Simple Brownie Muffin,keto,mexican,45.0,183.0,13.0,6.0,7.0
The Avocado Day Stopper,keto,south east asian,10.0,409.0,33.0,8.0,12.0
Jalapeno Crisp,keto,italian,85.0,156.0,13.0,2.0,5.0
Easy Jalapeno Bread,keto,asian,60.0,191.0,14.0,10.0,9.0
Spicy Popper Mug Cake,keto,world,10.0,429.0,38.0,6.0,16.0
Creamy Coffee Popsicles,keto,south american,120.0,105.0,10.0,2.0,2.0
The Most Elegant Parsley Souffl Ever,keto,central europe,11.0,108.0,9.0,9.0,6.0
Fluffy Chocolate Mousse,keto,american,5.0,222.0,22.0,4.0,1.0
Chocolaty Bacon,keto,caribbean,35.0,258.0,26.0,0.5,7.0
Almond Butter Cup Cookies,keto,nordic,100.0,173.0,11.0,5.0,4.0
Lovely Pumpkin Buns,keto,asian,60.0,189.0,13.0,6.0,10.0
Gingerbread Keto Muffins,keto,world,10.0,283.0,23.0,13.0,11.0
Sensational Lemonade Fat Bomb,keto,south american,120.0,404.0,43.0,4.0,4.0
The Easy No Bake Fudge,keto,nordic,20.0,120.0,10.0,5.0,1.2
Elegant Poppy seed Muffins,keto,mexican,10.0,295.0,32.0,4.0,1.0
Swirly Cinnamon Muffins,keto,mediterranean,10.0,424.0,27.0,10.0,36.0
Mesmerizing Garlic Bagels,keto,kosher,25.0,193.0,15.0,7.0,8.0
Ravaging Blueberry Muffin,keto,middle eastern,40.0,167.0,15.0,2.1,5.2
No Bake Cheesecake,keto,mediterranean,120.0,182.0,16.0,4.0,3.0
Stylish Chocolate Parfait,keto,eastern europe,120.0,130.0,5.0,7.0,16.0
Supreme Matcha Bomb,keto,eastern europe,100.0,200.0,20.0,3.0,5.0
Hearty Almond Bread,keto,world,75.0,277.0,21.0,7.0,10.0
Mesmerizing Avocado And Chocolate Pudding,keto,indian,30.0,281.0,27.0,12.0,8.0
Great Fudge Popsicles,keto,caribbean,125.0,193.0,20.0,3.0,2.0
Egg And Coconut Bread,keto,middle eastern,55.0,297.0,14.0,16.0,15.0
The Beasty Green Glass,keto,chinese,10.0,279.0,18.0,9.0,18.0
Spicy Bread Loaf,keto,mediterranean,70.0,240.0,20.0,5.0,9.0
Clean Sugar-Free Lemon Curd,keto,south american,20.0,258.0,25.0,2.0,7.0
Fantastic Hollandaise Sauce,keto,japanese,10.0,95.0,50.0,1.0,3.0
Chilled Cheesecake Cups,keto,world,10.0,250.0,20.0,2.0,5.0
Raspberry Pudding Meal,keto,mexican,10.0,191.0,14.0,10.0,9.0
Dreamy Vanilla Dessert,keto,middle eastern,10.0,205.0,18.0,7.0,7.0
Coconut Pillow,keto,indian,10.0,50.0,5.0,2.0,1.0
The Brewed Coffee Surprise,keto,italian,10.0,55.0,45.0,3.0,15.0
Crusty Almond Roast,keto,mexican,40.0,190.0,18.0,5.0,8.0
Cute Macaroon Bites,keto,kosher,10.0,125.0,12.0,5.0,2.0
Chocolate And Coconut Pudding,keto,south east asian,10.0,225.0,23.0,5.0,4.0
Essential Chocolate Pudding,keto,nordic,10.0,430.0,42.0,5.0,4.0
Simple Cinnamon Cocoa Almonds,keto,south american,125.0,275.0,23.0,4.0,27.0
Delightful Coconut Custard,keto,asian,312.0,375.0,35.0,4.0,8.0
Lovely Lemonade Fat Bomb,keto,nordic,10.0,404.0,43.0,5.0,4.0
Chocolate Fat Bombs,keto,middle eastern,10.0,317.0,21.0,4.0,11.0
Vegan Spiced Fat Bomb,keto,asian,10.0,103.0,10.0,4.0,1.0
Keto Raspberry Chocolate Cups,keto,japanese,10.0,158.0,15.0,1.0,3.0
Crispy Cold Coconut Bombs,keto,mexican,10.0,123.0,13.0,2.0,1.0
Sweet Almond Butter And Coconut Bomb,keto,kosher,10.0,145.0,14.0,1.0,1.5
Chunky Macadamia Fat Bomb,keto,caribbean,10.0,267.0,28.0,4.0,3.0
Double Berry Ice Pops,keto,american,10.0,165.0,17.0,2.0,1.0
Dark Walnut Fudge,keto,japanese,10.0,134.0,14.0,2.0,2.0
Hearty Keto Caramels,keto,kosher,20.0,242.0,44.0,1.0,1.0
Easy Vanilla Custard,keto,eastern europe,15.0,204.0,18.0,8.0,5.0
Raspberry And Coconut Barks,keto,south american,10.0,243.0,23.0,6.0,2.0
Low-Carb Keto Angel Cake,keto,middle eastern,55.0,159.0,3.0,5.0,0.9
Crust Free Mini Cheesecake,keto,italian,40.0,169.0,15.0,7.0,2.0
Jalapeno And Bacon Fat Bomb,keto,indian,20.0,209.0,10.0,7.0,10.0
Poppy Seeds Fat Bomb,keto,chinese,10.0,60.0,0.4,2.0,1.0
Extremely Rich Choco Fat Bombs,keto,mexican,10.0,91.0,9.0,2.0,1.0
Creative Fudgsicles,keto,eastern europe,10.0,200.0,20.0,4.0,2.0
Chocolaty Bacon,keto,kosher,35.0,258.0,26.0,0.5,7.0
Pink Yogurt Popsicles,keto,world,10.0,197.0,20.0,8.0,4.0
Guilt Free Lemon And Rosemary Drink,keto,eastern europe,10.0,312.0,25.0,14.0,9.0
Creamy Leeks Platte,keto,kosher,35.0,204.0,15.0,9.0,7.0
Cheesy Broccoli and Cauliflower,keto,kosher,20.0,244.0,20.5,3.4,12.2
Dashing Bok Choy Samba,keto,french,20.0,112.0,4.9,1.9,3.0
Tender Coconut And Cauliflower Rice With Chili,keto,middle eastern,40.0,95.0,7.0,4.0,1.0
Cool Asparagus Tart,keto,middle eastern,30.0,160.0,10.0,5.0,12.0
Succulent Cheesy Cauliflowers,keto,central europe,35.0,228.0,20.0,6.0,3.0
Creamy Cauli Mushroom Risotto,keto,asian,30.0,186.0,16.5,6.7,2.8
Hearty Green Bean Roast,keto,kosher,30.0,216.0,21.0,7.0,9.0
Almond And Blistered Beans,keto,middle eastern,30.0,347.0,16.0,6.0,45.0
Chipotle Kale Chips,keto,french,33.0,37.0,3.0,2.0,1.0
Classic Guacamole,keto,american,15.0,172.0,15.0,11.0,2.0
Astonishingly Simple Lettuce Salad,keto,caribbean,10.0,104.0,14.0,4.0,4.0
Light Egg Salad,keto,central europe,20.0,300.0,24.0,3.0,18.0
Buttery Green Cabbage,keto,asian,25.0,199.0,17.0,10.0,3.0
The Great Cabbage Slaw,keto,mexican,10.0,266.0,26.0,6.0,0.6
Amazing Green Creamy Cabbage,keto,indian,20.0,432.0,42.0,8.0,4.0
Portobello Mushroom Risotto,keto,south american,20.0,438.0,17.0,15.0,12.0
Gripping Eggplant Parmesan,keto,mediterranean,21.0,271.0,22.0,10.0,12.0
The Rutabaga Wedge Dish,keto,asian,60.0,235.0,15.0,10.0,2.5
Creative Lemon And Broccoli Dish,keto,american,25.0,49.0,1.9,7.0,3.0
Spinach And Tomato Zoodles,keto,italian,20.0,200.0,18.0,4.0,6.0
Generous Fiery Tomato Salad,keto,south east asian,35.0,115.0,10.4,5.4,12.0
Easy Portobello Mushrooms,keto,asian,20.0,154.0,10.0,2.0,7.0
Simple Avocado Caprese Salad,keto,caribbean,44.0,358.0,30.0,9.0,14.0
Lovely Turtle Salad,keto,nordic,10.0,93.0,7.0,4.0,3.0
Grilled Veggie Salad With Feta,keto,mediterranean,20.0,191.0,14.0,10.0,9.0
Hearty Vegan Zoodles,keto,japanese,20.0,188.0,2.0,23.0,19.0
Grilled Eggplant Roll,keto,japanese,10.0,59.0,3.0,4.0,3.0
Avocado And Tomato Burritos,keto,chinese,10.0,303.0,25.0,6.0,8.0
Dark Chocolate Fudge,keto,chinese,10.0,491.0,45.0,2.8,13.0
Moroccan Roasted Green Beans,keto,caribbean,10.0,103.0,0.8,2.0,2.3
Balsamic Grilled Zucchini,keto,mediterranean,10.0,76.0,5.0,5.0,6.0
Stir Fried Zucchini And Green Beans,keto,central europe,20.0,137.0,13.0,3.0,1.2
Lime Avocado Ice Cream,keto,french,10.0,260.0,25.0,4.0,4.0
Coconut Cauliflower Rice With Green Onions,keto,world,10.0,107.0,1.7,2.1,1.1
Baked Brussels Sprouts,keto,japanese,30.0,100.0,3.0,2.0,6.0
Garlic Touched Beans,keto,american,10.0,215.0,9.0,7.0,4.0
Keto-Friendly Rosemary Flavored Green Beans,keto,japanese,100.0,40.0,,9.0,2.0
Crazy Caramelized Onion,keto,eastern europe,610.0,126.0,15.0,15.0,2.0
Broccoli Crunchies,keto,nordic,190.0,162.0,11.0,11.0,5.0
The Extremely Slow Cooked Brussels,keto,japanese,255.0,83.0,4.0,11.0,4.0
A Green Bean Mixture,keto,south east asian,130.0,236.0,6.0,10.0,6.0
Creamy Leeks Platter,keto,caribbean,35.0,204.0,15.0,9.0,7.0
Succulent Cheesy Cauliflowers,keto,south american,35.0,228.0,20.0,6.0,3.0
Creamy Cauli Mushroom Risotto,keto,italian,30.0,186.0,16.5,6.7,2.8
Simple Green Goddess Dressing,keto,chinese,5.0,249.0,25.0,4.0,3.0
Keto-Friendly Bchamel Sauce,keto,caribbean,5.0,351.0,91.0,4.0,4.0
Avocado Mayo Medley,keto,caribbean,5.0,231.0,20.0,5.0,3.0
Amazing Garlic Aioli,keto,japanese,5.0,813.0,88.0,9.0,2.0
Lovely Herbed Cream Cheese,keto,italian,15.0,229.0,85.0,5.0,4.0
Good Looking Butter Mayo,keto,mediterranean,17.0,285.0,98.0,0.3,1.0
Spicy Wasabi Mayonnaise,keto,chinese,15.0,388.0,42.0,1.0,1.0
Amazing Cowboy Sauce,keto,central europe,10.0,367.0,41.0,1.0,1.0
Strawberry And Coconut Smoothie,keto,asian,10.0,128.0,18.0,10.0,3.0
Lovely Chai Latte,keto,eastern europe,10.0,135.0,1.4,1.0,1.0
Blueberry And Lettuce Smoothie,keto,mexican,10.0,49.0,2.8,4.2,1.0
Aromatic Tea,keto,indian,10.0,151.0,0.0,0.0,1.0
Beautiful Coconut Tea,keto,middle eastern,10.0,191.0,11.0,0.0,2.0
Fresh Hearty Strawberry Juice,keto,mexican,10.0,31.0,0.3,5.0,1.9
The Berry-Licious And Hazelnut Smoothie,keto,british,10.0,365.0,34.0,167.0,7.0
Pumpkin Pie Buttered Coffee,keto,world,10.0,120.0,12.0,2.0,1.0
Peanut Butter Cool Milkshake,keto,japanese,10.0,253.0,23.0,7.0,5.0
Sweet Coffee Milkshake,keto,nordic,10.0,147.0,15.0,0.5,1.0
The Refreshing Nut Smoothie,keto,middle eastern,10.0,452.0,43.0,15.0,9.0
Salted Macadamia Choco Smoothie,keto,italian,5.0,165.0,2.0,1.0,12.0
Chia And Coffee Blend,keto,caribbean,10.0,395.0,39.0,11.0,5.2
Cilantro And Citrus Glass,keto,indian,5.0,75.0,1.0,16.0,3.0
The Wild Matcha Delight,keto,central europe,5.0,130.0,3.0,17.0,5.0
Lovely Green Gazpacho,keto,british,5.0,70.0,1.0,13.0,4.0
The Summer Hearty Shake,keto,mexican,5.0,187.0,6.0,17.0,6.0
Sweet Protein And Cherry Shake,keto,middle eastern,5.0,111.0,3.0,9.0,13.0
Iron And Protein Shake,keto,eastern europe,5.0,156.0,14.0,1.0,7.0
Flax And Almond Butter Smoothie,keto,world,5.0,147.0,7.0,15.0,4.0
Leeks And Broccoli Cucumber Glass,keto,italian,5.0,219.0,6.0,6.0,4.0
Zucchini Apple Smoothie,keto,british,5.0,80.0,4.0,11.0,2.0
Flax And Kiwi Spinach Smoothie,keto,asian,5.0,142.0,7.0,16.0,6.0
Tropical Matcha Kale,keto,world,5.0,126.0,2.0,15.0,6.0
Lovely Detox Smoothie,keto,south american,5.0,310.0,22.0,18.0,5.0
Minty Smoothie,keto,chinese,10.0,417.0,43.0,10.0,5.5
Yogurt And Kale Smoothie,keto,japanese,10.0,329.0,26.0,15.0,11.0
The Raspberry Minty Deligh,keto,italian,5.0,75.0,2.0,13.0,2.0
Blueberry Avocado Smoothie,keto,chinese,5.0,389.0,34.0,17.0,5.0
Cinnamon And Beet Booster Dose,keto,italian,5.0,134.0,5.0,12.0,7.0
Cantaloupe Lemon Smoothie,keto,chinese,5.0,195.0,14.0,16.0,3.0
The Pom Drink,keto,indian,5.0,148.0,0.0,12.0,0.0
Balanced Alkaline Veggie Cubes,keto,mediterranean,5.0,20.0,0.2,5.0,11.0
Homely Honeydew Twist,keto,south american,5.0,190.0,2.0,11.0,2.0
Raw Green Smoothie,keto,central europe,5.0,298.0,26.0,20.0,4.0
Original Sleepy Bug,keto,eastern europe,5.0,156.0,11.0,14.0,4.0
The Ultimate Morning Green,keto,japanese,5.0,203.0,1.0,8.0,4.0
Refreshing Watermelon Breather,keto,eastern europe,5.0,55.0,1.3,9.0,0.9
Fine Liquid Sunrise,keto,central europe,5.0,196.0,2.0,10.0,13.0
Watercress Detox Delight,keto,central europe,5.0,150.0,10.0,8.0,7.0
Morning Aloha Smoothie,keto,nordic,5.0,121.0,6.0,14.0,1.0
The Ginger And Kale Ale,keto,central europe,5.0,140.0,0.0,18.0,1.0
Anti-Oxidizing Glass,keto,asian,5.0,200.0,15.0,16.0,3.0
Bright Rainbow Health,keto,french,5.0,438.0,11.0,9.0,7.0
Great Nutty Lion,keto,mediterranean,5.0,250.0,10.0,14.0,8.0
A Whole Melon Surprise,keto,caribbean,5.0,134.0,2.0,7.0,3.0
Muscular Macho Green,keto,italian,5.0,200.0,5.0,3.5,6.0
Buddhas Banana Berry,keto,indian,5.0,205.0,1.0,10.0,3.0
Cantaloupe Lettuce Smoothie,keto,japanese,5.0,209.0,1.0,15.0,12.0
Alkaline Breakfast Breaker,keto,japanese,5.0,414.0,33.0,15.0,8.0
Mixed Berry Smoothie,keto,japanese,5.0,222.0,2.0,11.0,8.0
Sweet Kale Smoothie,keto,british,5.0,143.0,1.0,12.0,2.0
Almond Butter Berry Smoothie,keto,middle eastern,5.0,603.0,16.0,15.0,56.0
Beets And Berry Beauty Enhancer,keto,british,5.0,418.0,20.0,16.0,17.0
A Honeydew And Cucumber Medley,keto,nordic,5.0,334.0,7.0,17.0,20.0
Natural Nectarine,keto,french,5.0,475.0,22.0,10.0,11.0
Fine Tea Toner,keto,american,5.0,490.0,14.0,15.0,15.0
A Melon Cucumber Medley,keto,japanese,5.0,112.0,2.0,15.0,2.0
Kale And Beet 2021 Fusion,keto,eastern europe,5.0,69.0,0.0,16.0,4.0
Strawberry And Watermelon Medley,keto,indian,5.0,130.0,9.0,15.0,3.0
Punchy Watermelon,keto,mediterranean,5.0,464.0,20.0,14.0,23.0
Hearty Cucumber Quencher,keto,kosher,5.0,180.0,2.0,18.0,5.0
Dandelion Aloha,keto,kosher,5.0,121.0,5.0,18.0,1.0
Blueberry Detox Drink,keto,japanese,5.0,685.0,60.0,14.0,32.0
Twisty Cucumber Honeydew,keto,british,5.0,70.0,1.0,13.0,2.0
Chocolaty Pleasure Delight,keto,indian,5.0,306.0,8.0,13.0,10.0
Generous Mango Surprise,keto,eastern europe,5.0,72.0,0.0,17.0,1.0
Banana Apple Blast,keto,central europe,5.0,209.0,2.0,15.0,2.0
Dandelion And Carrot Booster,keto,italian,5.0,160.0,5.0,17.0,5.0
Green Skinny Energizer,keto,italian,5.0,300.0,13.0,16.0,10.0
Awesome Pineapple And Carrot Blend,keto,mediterranean,5.0,82.0,0.0,16.0,1.0
Mango Energizer,keto,chinese,5.0,136.0,2.0,19.0,5.0
Powerful Green Frenzy,keto,nordic,5.0,350.0,4.0,16.0,30.0
Evergreen Morning Dew,keto,italian,5.0,157.0,1.0,15.0,12.0
Awesome Baby-Face Maker,keto,indian,5.0,145.0,1.0,14.0,10.0
Exotic Reishi Pear,keto,chinese,5.0,298.0,19.0,17.0,8.0
The Savior Of Skin,keto,world,5.0,143.0,1.0,19.0,4.0
Tangy Citrus Glass,keto,french,5.0,122.0,1.0,16.0,10.0
Hearty Sweet Basil,keto,south american,5.0,100.0,1.0,19.0,3.0
The Purifier,keto,asian,5.0,180.0,1.0,13.0,20.0
Kiwi Cucumber Delight,keto,middle eastern,5.0,254.0,7.0,14.0,8.0
The Funky Skin Refresher,keto,caribbean,5.0,103.0,1.0,16.0,4.0
The Glamorous Radiance,keto,british,5.0,248.0,10.0,14.0,10.0
Tropical Storm Glass,keto,asian,5.0,186.0,0.0,14.0,1.0
Cool Strawberry 365,keto,middle eastern,5.0,167.0,6.0,18.0,8.0
Noteworthy Vitamin C,keto,british,5.0,209.0,2.0,17.0,12.0
Hearty Papaya Drink,keto,italian,5.0,192.0,7.0,16.0,3.0
A Minty Drink,keto,kosher,5.0,391.0,10.0,17.0,5.0
The Amazing Acai,keto,asian,5.0,225.0,8.0,13.0,4.0
Fine Yo Mama Matcha,keto,indian,5.0,216.0,1.0,18.0,3.0
Great Green Garden,keto,south east asian,5.0,200.0,6.0,16.0,10.0
